{"cameraMode":{"drawMode":0,"name":"Shaded","section":"Shading Mode"},"sceneLighting":false,"audioPlay":false,"sceneViewState":{"m_AlwaysRefresh":false,"showFog":true,"showSkybox":true,"showFlares":true,"showImageEffects":true,"showParticleSystems":true,"showVisualEffectGraphs":true,"m_FxEnabled":true},"in2DMode":false,"pivot":{"x":361.0682067871094,"y":122.27922058105469,"z":246.30484008789063},"rotation":{"x":-0.045852795243263248,"y":-0.0365467444062233,"z":0.00166559056378901,"w":-0.9982928037643433},"size":325.4369812011719,"orthographic":false}